{"assets/fonts/MiSans-Regular.otf":["assets/fonts/MiSans-Regular.otf"],"assets/fonts/ReqableDesign.ttf":["assets/fonts/ReqableDesign.ttf"],"assets/fonts/RobotoMono-VariableFont_wght.ttf":["assets/fonts/RobotoMono-VariableFont_wght.ttf"],"assets/images/common/app_icon.ico":["assets/images/common/app_icon.ico"],"assets/images/common/app_icon.png":["assets/images/common/app_icon.png"],"assets/images/common/apps/ic_android_unknown_app.png":["assets/images/common/apps/ic_android_unknown_app.png"],"assets/images/common/apps/ic_apifox.png":["assets/images/common/apps/ic_apifox.png"],"assets/images/common/apps/ic_apipost.png":["assets/images/common/apps/ic_apipost.png"],"assets/images/common/apps/ic_curl.png":["assets/images/common/apps/ic_curl.png"],"assets/images/common/apps/ic_desktop_unknown_app.png":["assets/images/common/apps/ic_desktop_unknown_app.png"],"assets/images/common/apps/ic_har.png":["assets/images/common/apps/ic_har.png"],"assets/images/common/apps/ic_hoppscotch.png":["assets/images/common/apps/ic_hoppscotch.png"],"assets/images/common/apps/ic_insomnia.png":["assets/images/common/apps/ic_insomnia.png"],"assets/images/common/apps/ic_postman.png":["assets/images/common/apps/ic_postman.png"],"assets/images/common/apps/ic_rapidapi.png":["assets/images/common/apps/ic_rapidapi.png"],"assets/images/common/apps/ic_remote.png":["assets/images/common/apps/ic_remote.png"],"assets/images/common/apps/ic_reqable.png":["assets/images/common/apps/ic_reqable.png"],"assets/images/common/apps/ic_safari.png":["assets/images/common/apps/ic_safari.png"],"assets/images/common/apps/ic_swagger.png":["assets/images/common/apps/ic_swagger.png"],"assets/images/common/apps/ic_vscode.png":["assets/images/common/apps/ic_vscode.png"],"assets/images/common/bg_splash.webp":["assets/images/common/bg_splash.webp"],"assets/images/common/dark/ic_tray_active.png":["assets/images/common/dark/ic_tray_active.png"],"assets/images/common/dark/ic_tray_normal.png":["assets/images/common/dark/ic_tray_normal.png"],"assets/images/common/dark/img_desktop_collaboration_guide.png":["assets/images/common/dark/img_desktop_collaboration_guide.png"],"assets/images/common/ic_tray_active.ico":["assets/images/common/ic_tray_active.ico"],"assets/images/common/ic_tray_normal.ico":["assets/images/common/ic_tray_normal.ico"],"assets/images/common/ic_unlock_feature.png":["assets/images/common/ic_unlock_feature.png"],"assets/images/common/light/ic_tray_active.png":["assets/images/common/light/ic_tray_active.png"],"assets/images/common/light/ic_tray_normal.png":["assets/images/common/light/ic_tray_normal.png"],"assets/images/common/light/img_desktop_collaboration_guide.png":["assets/images/common/light/img_desktop_collaboration_guide.png"],"assets/images/common/qrcode_ca_link.png":["assets/images/common/qrcode_ca_link.png"],"assets/images/en-US/certificate/android_ca_install_state.png":["assets/images/en-US/certificate/android_ca_install_state.png"],"assets/images/en-US/certificate/android_certificate_magisk.png":["assets/images/en-US/certificate/android_certificate_magisk.png"],"assets/images/en-US/certificate/android_wifi_proxy.png":["assets/images/en-US/certificate/android_wifi_proxy.png"],"assets/images/en-US/certificate/chrome_certificate_setup1.png":["assets/images/en-US/certificate/chrome_certificate_setup1.png"],"assets/images/en-US/certificate/chrome_certificate_setup2.png":["assets/images/en-US/certificate/chrome_certificate_setup2.png"],"assets/images/en-US/certificate/firefox_certificate_setup1.png":["assets/images/en-US/certificate/firefox_certificate_setup1.png"],"assets/images/en-US/certificate/firefox_certificate_setup2.png":["assets/images/en-US/certificate/firefox_certificate_setup2.png"],"assets/images/en-US/certificate/ios_ca_install.png":["assets/images/en-US/certificate/ios_ca_install.png"],"assets/images/en-US/certificate/ios_ca_install_state.png":["assets/images/en-US/certificate/ios_ca_install_state.png"],"assets/images/en-US/certificate/ios_wifi_proxy.png":["assets/images/en-US/certificate/ios_wifi_proxy.png"],"assets/images/en-US/certificate/mac_certificate_setup1.png":["assets/images/en-US/certificate/mac_certificate_setup1.png"],"assets/images/en-US/certificate/mac_certificate_setup2.png":["assets/images/en-US/certificate/mac_certificate_setup2.png"],"assets/images/en-US/certificate/windows_certificate_setup1.png":["assets/images/en-US/certificate/windows_certificate_setup1.png"],"assets/images/en-US/certificate/windows_certificate_setup2.png":["assets/images/en-US/certificate/windows_certificate_setup2.png"],"assets/images/en-US/desktop/feature_collaborative.webp":["assets/images/en-US/desktop/feature_collaborative.webp"],"assets/images/en-US/desktop/feature_diff.webp":["assets/images/en-US/desktop/feature_diff.webp"],"assets/images/en-US/desktop/feature_filters.webp":["assets/images/en-US/desktop/feature_filters.webp"],"assets/images/en-US/desktop/feature_proxying.webp":["assets/images/en-US/desktop/feature_proxying.webp"],"assets/images/en-US/desktop/feature_rest.webp":["assets/images/en-US/desktop/feature_rest.webp"],"assets/images/en-US/desktop/feature_scripting.webp":["assets/images/en-US/desktop/feature_scripting.webp"],"assets/images/en-US/desktop/feature_theme.webp":["assets/images/en-US/desktop/feature_theme.webp"],"assets/images/zh-CN/certificate/android_ca_install_state.png":["assets/images/zh-CN/certificate/android_ca_install_state.png"],"assets/images/zh-CN/certificate/android_wifi_proxy.png":["assets/images/zh-CN/certificate/android_wifi_proxy.png"],"assets/images/zh-CN/certificate/ios_ca_install.png":["assets/images/zh-CN/certificate/ios_ca_install.png"],"assets/images/zh-CN/certificate/ios_ca_install_state.png":["assets/images/zh-CN/certificate/ios_ca_install_state.png"],"assets/images/zh-CN/certificate/ios_wifi_proxy.png":["assets/images/zh-CN/certificate/ios_wifi_proxy.png"],"assets/images/zh-CN/certificate/mac_certificate_setup1.png":["assets/images/zh-CN/certificate/mac_certificate_setup1.png"],"assets/images/zh-CN/certificate/mac_certificate_setup2.png":["assets/images/zh-CN/certificate/mac_certificate_setup2.png"],"assets/images/zh-CN/certificate/windows_certificate_setup1.png":["assets/images/zh-CN/certificate/windows_certificate_setup1.png"],"assets/images/zh-CN/certificate/windows_certificate_setup2.png":["assets/images/zh-CN/certificate/windows_certificate_setup2.png"],"assets/images/zh-CN/desktop/feature_collaborative.webp":["assets/images/zh-CN/desktop/feature_collaborative.webp"],"assets/images/zh-CN/desktop/feature_diff.webp":["assets/images/zh-CN/desktop/feature_diff.webp"],"assets/images/zh-CN/desktop/feature_filters.webp":["assets/images/zh-CN/desktop/feature_filters.webp"],"assets/images/zh-CN/desktop/feature_proxying.webp":["assets/images/zh-CN/desktop/feature_proxying.webp"],"assets/images/zh-CN/desktop/feature_rest.webp":["assets/images/zh-CN/desktop/feature_rest.webp"],"assets/images/zh-CN/desktop/feature_scripting.webp":["assets/images/zh-CN/desktop/feature_scripting.webp"],"assets/images/zh-CN/desktop/feature_theme.webp":["assets/images/zh-CN/desktop/feature_theme.webp"],"assets/markdowns/en-US/eula.md":["assets/markdowns/en-US/eula.md"],"assets/markdowns/en-US/introduce_desktop_app.md":["assets/markdowns/en-US/introduce_desktop_app.md"],"assets/markdowns/zh-CN/eula.md":["assets/markdowns/zh-CN/eula.md"],"assets/markdowns/zh-CN/introduce_desktop_app.md":["assets/markdowns/zh-CN/introduce_desktop_app.md"],"assets/resources/overrides-node.zip":["assets/resources/overrides-node.zip"],"assets/resources/overrides-python.zip":["assets/resources/overrides-python.zip"],"assets/resources/overrides-ruby.zip":["assets/resources/overrides-ruby.zip"],"assets/resources/overrides-version.json":["assets/resources/overrides-version.json"],"assets/resources/reqable-magisk.zip":["assets/resources/reqable-magisk.zip"],"packages/reqable_framework/assets/fonts/ReqableIconFont.ttf":["packages/reqable_framework/assets/fonts/ReqableIconFont.ttf"]}